_id,author,create_time,id,last_reply,last_reply_time,reply_count,subject,url
NumberLong("5056812211")," 苏熙言live","08:49",NumberLong("5056812211")," 苏熙言live","09:21","30","求老哥帮忙看下","https://tieba.baidu.com/p/5056812211"
NumberLong("5056845170")," 半夜漆黑不点灯","09:16",NumberLong("5056845170")," 不知道哎吖","09:21","2","有没有郑州白沙的","https://tieba.baidu.com/p/5056845170"
NumberLong("5056847208")," go暧昧不是爱情","09:18",NumberLong("5056847208")," go暧昧不是爱情","09:21","6","有苏州园区老哥吗","https://tieba.baidu.com/p/5056847208"
NumberLong("5056775932")," 一若XQ","08:13",NumberLong("5056775932")," 梦里啊啊啊1","09:21","21","私家车嫌弃我姿势会的少，老哥们出出招","https://tieba.baidu.com/p/5056775932"
NumberLong("5056852271")," 双子啊啊啊112","09:21",NumberLong("5056852271")," 双子啊啊啊112","09:21","0","欠10个什么水平","https://tieba.baidu.com/p/5056852271"
NumberLong("5056826723")," 吖蛋疼的海角","09:02",NumberLong("5056826723")," 啤酒还是雪花好","09:21","13","有没有男科的老哥","https://tieba.baidu.com/p/5056826723"
NumberLong("5056811151")," 364361710","08:48",NumberLong("5056811151")," 新的一春来","09:21","33","花了七百才搞一次，这算什么啊","https://tieba.baidu.com/p/5056811151"
NumberLong("5056850674")," 舔你不要不要的","09:20",NumberLong("5056850674")," 楶","09:21","2","老哥们，鉴定下","https://tieba.baidu.com/p/5056850674"
NumberLong("5056851933")," 有恃无恐失","09:21",NumberLong("5056851933")," 有恃无恐失","09:21","0","这车挺好的，就是容易掉轮子#(哈哈)","https://tieba.baidu.com/p/5056851933"
NumberLong("5056779206")," 超喜欢你WT","08:17",NumberLong("5056779206")," 爱你小竹子LOVE","09:21","34","老哥们，撩了个学姐出去修一修还不是美滋滋","https://tieba.baidu.com/p/5056779206"
NumberLong("5056839162")," 又被封了号活宝","09:12",NumberLong("5056839162")," 又被封了号活宝","09:20","5","第一次发帖，心里满满的都是泪！","https://tieba.baidu.com/p/5056839162"
NumberLong("5004494054")," 丿遥哥丶","3-2",NumberLong("5004494054")," zhangzuk","09:20","2","古惑仔里面最喜欢这一部分。","https://tieba.baidu.com/p/5004494054"
NumberLong("5056283379")," yishuilinge","4-4",NumberLong("5056283379")," 女将奥婷","09:21","84","我绝望了","https://tieba.baidu.com/p/5056283379"
NumberLong("5056846575")," 濮阳男人怨","09:17",NumberLong("5056846575")," Batter1Man","09:20","2","700万老哥们给点意见，迷茫","https://tieba.baidu.com/p/5056846575"
NumberLong("5056842738")," 小狼阵亡之前","09:14",NumberLong("5056842738")," 漠城離歌","09:20","4","老哥们快来舔她","https://tieba.baidu.com/p/5056842738"
NumberLong("5056233469")," 去打灰机吧","4-4",NumberLong("5056233469")," 女将奥婷","09:20","21","老哥们，吃过的举手🙌！","https://tieba.baidu.com/p/5056233469"
NumberLong("5056849509")," 暴躁的阿星Zz","09:19",NumberLong("5056849509")," 寂寞的娃儿抱","09:20","3","老哥们来说下网贷注销的问题","https://tieba.baidu.com/p/5056849509"
NumberLong("5056791495")," 魔域黑莲圣使","08:30",NumberLong("5056791495")," 魔域黑莲圣使","09:21","101","大二狗一枚，欠下一个亿。","https://tieba.baidu.com/p/5056791495"
NumberLong("5056556916")," 堕落的石头a","01:26",NumberLong("5056556916")," yum0035","09:20","68","有老哥能看懂这是怎么回事么？","https://tieba.baidu.com/p/5056556916"
NumberLong("5056520827")," 水煮鱼片片鱼难","00:46",NumberLong("5056520827")," 唐520530147","09:20","42","小弟刚跑船回来，十分饥渴，有没有老姐解救？","https://tieba.baidu.com/p/5056520827"
NumberLong("5056740227")," wsxcc88","07:25",NumberLong("5056740227")," wsxcc88","09:21","143","老哥们真心来评论下我是不是很丑！","https://tieba.baidu.com/p/5056740227"
NumberLong("5056782878")," 利群看车的哑巴","08:21",NumberLong("5056782878")," 剑1488392099","09:21","10","瘫痪的太彻底了，只能带女友下海","https://tieba.baidu.com/p/5056782878"
NumberLong("5055557076")," A吖龟烟行","4-4",NumberLong("5055557076")," 萌扣专营店","09:21","129","几年？舔一波。","https://tieba.baidu.com/p/5055557076"
NumberLong("5056821501")," 荒唐扯淡的青春","08:57",NumberLong("5056821501")," 5697536度","09:21","22","老哥们，急","https://tieba.baidu.com/p/5056821501"
NumberLong("5056829032")," 小山猫修","09:03",NumberLong("5056829032")," 女将奥婷","09:21","14","直播一波看哥们帮看看是什么套路","https://tieba.baidu.com/p/5056829032"
NumberLong("5055952073")," 花o0火","4-4",NumberLong("5055952073")," 小沙拉密","09:21","61","跑路到湖边发现了、打算抓了上岸～","https://tieba.baidu.com/p/5055952073"
NumberLong("5055252983")," 大脸猫丶稳稳稳","4-4",NumberLong("5055252983")," 大脸猫丶稳稳稳","09:21","72","有没有老哥们修过兰博基尼，法拉利跑车的，让小弟见识见识。","https://tieba.baidu.com/p/5055252983"
NumberLong("5052510264")," 被遗忘的歌nic","4-2",NumberLong("5052510264")," 三五岂不美滋滋","09:21","74","有老哥来给我帮忙装袋子吗","https://tieba.baidu.com/p/5052510264"
NumberLong("5056389173")," 4444万TNT当量","4-4",NumberLong("5056389173")," yan447600046","09:21","172","老哥们，我刚刚修了个车","https://tieba.baidu.com/p/5056389173"
NumberLong("5052734799")," 欧阳文婧9","4-2",NumberLong("5052734799")," happymarron","09:21","108","一个学生输了这么多 绝望。。。","https://tieba.baidu.com/p/5052734799"
NumberLong("5056252345")," 勞務工","4-4",NumberLong("5056252345")," 谈生活谈上岸","09:21","1850","信赖源自多年点滴积累","https://tieba.baidu.com/p/5056252345"
NumberLong("5056850537")," 街角的糖葫芦","09:20",NumberLong("5056850537")," 丨灬小骚年","09:21","1","直播翻车了。","https://tieba.baidu.com/p/5056850537"
NumberLong("5056827673")," ni别说话我嫌烦","09:02",NumberLong("5056827673")," 剑1488733805","09:21","2","与老哥们兰州拉面三五瓶","https://tieba.baidu.com/p/5056827673"
NumberLong("5042028233")," 胡汉三丶3","3-27",NumberLong("5042028233")," 胡汉三丶3","09:21","163","在一起两年，分手一个多月了。","https://tieba.baidu.com/p/5042028233"
NumberLong("5051082716")," MRyanF","4-1",NumberLong("5051082716")," 小猜猜在哪","09:20","232","老哥来，都是泪，","https://tieba.baidu.com/p/5051082716"
NumberLong("5054024692")," 三杯持剑舞秋月","4-3",NumberLong("5054024692")," Napol茅o帽","09:20","200","老哥们，稳不","https://tieba.baidu.com/p/5054024692"
NumberLong("5056215289")," SeHi_2012","4-4",NumberLong("5056215289")," Goodboy华","09:20","146","老姐不稳啊！！！","https://tieba.baidu.com/p/5056215289"
NumberLong("5056670376")," 的del2014","05:01",NumberLong("5056670376")," a8677263","09:21","164","躲高炮，跑路到山区乡下婶子家躲躲","https://tieba.baidu.com/p/5056670376"
NumberLong("5056269875")," 草草草873","4-4",NumberLong("5056269875")," yum0035","09:21","161","你们都修过多大年龄的车？","https://tieba.baidu.com/p/5056269875"
NumberLong("5056797474")," 294497414","08:36",NumberLong("5056797474")," yyfddfh","09:21","71","八百万老哥，看我如何调戏男骗子","https://tieba.baidu.com/p/5056797474"
NumberLong("5055909291")," 风雨里追赶丶","4-4",NumberLong("5055909291")," 嘎嘣脆丶Xtk","09:20","333","在吧里混了这么久，终于找到一辆","https://tieba.baidu.com/p/5055909291"
NumberLong("5045401845")," 时越爱丶","3-29",NumberLong("5045401845")," qq626625863","09:21","294","老哥们不想当进厂，又没有技术，学点什么好呢。","https://tieba.baidu.com/p/5045401845"
NumberLong("5056511836")," 这是我898","00:37",NumberLong("5056511836")," 昔年往昔丶","09:21","310","狗庄，让我家破人亡，已于回头路。","https://tieba.baidu.com/p/5056511836"
NumberLong("5052246157")," 热心打假网友","4-2",NumberLong("5052246157")," 汤赛666666","09:20","445","买菜都是借的钱","https://tieba.baidu.com/p/5052246157"
NumberLong("5053638596")," 一曲忆北城","4-3",NumberLong("5053638596")," Vesta丶","09:20","1037","难道700多万都是假老哥吗？","https://tieba.baidu.com/p/5053638596"
NumberLong("5052388860")," wa灰太狼又飞啦","4-2",NumberLong("5052388860")," 周某人欢","09:21","1040","做男公关时遇到的事！吃的苦","https://tieba.baidu.com/p/5052388860"
NumberLong("5024188009")," 戒赌吧","3-16",NumberLong("5024188009")," 戒烟买菜","09:21","1488","戒赌吧那些年吧友之最","https://tieba.baidu.com/p/5024188009"
